{"cameraMode":{"drawMode":0,"name":"Shaded","section":"Shading Mode"},"sceneLighting":true,"audioPlay":false,"sceneViewState":{"m_AlwaysRefresh":false,"showFog":true,"showSkybox":true,"showFlares":true,"showImageEffects":true,"showParticleSystems":true,"showVisualEffectGraphs":true,"m_FxEnabled":true},"in2DMode":false,"pivot":{"x":-1.6936556100845338,"y":8.472777366638184,"z":-14.506126403808594},"rotation":{"x":0.08506124466657639,"y":0.09622032195329666,"z":-0.007888976484537125,"w":0.9920499324798584},"size":8.970867156982422,"orthographic":true}